brand,mileage_band,age_band,mean,median,count,lower_estimate,upper_estimate
alfa_romeo,100k+,13-20 years,1939.7913669064749,1500.0,139,1275.0,1724.9999999999998
alfa_romeo,100k+,20+ years,3829.923076923077,1500.0,13,1275.0,1724.9999999999998
alfa_romeo,100k+,8-12 years,5969.25,5675.0,36,4823.75,6526.249999999999
alfa_romeo,50k-100k,8-12 years,7844.588235294118,7300.0,17,6205.0,8395.0
audi,0-20k,0-3 years,36138.065217391304,33700.0,46,28645.0,38755.0
audi,0-20k,4-7 years,25365.333333333332,22499.0,69,19124.149999999998,25873.85
audi,100k+,13-20 years,4513.97338065661,3900.0,1127,3315.0,4485.0
audi,100k+,20+ years,1878.1002570694088,1200.0,389,1020.0,1380.0
audi,100k+,4-7 years,19180.859649122805,17199.5,114,14619.574999999999,19779.425
audi,100k+,8-12 years,11726.802614379085,10900.0,765,9265.0,12534.999999999998
audi,20k-50k,0-3 years,39510.72727272727,36000.0,11,30600.0,41400.0
audi,20k-50k,4-7 years,25986.53086419753,24500.0,162,20825.0,28174.999999999996
audi,20k-50k,8-12 years,18103.333333333332,17450.0,15,14832.5,20067.5
audi,50k-100k,13-20 years,8311.509803921568,8699.0,51,7394.15,10003.849999999999
audi,50k-100k,20+ years,6661.545454545455,2500.0,11,2125.0,2875.0
audi,50k-100k,4-7 years,22267.19526627219,21300.0,169,18105.0,24494.999999999996
audi,50k-100k,8-12 years,17427.18316831683,15850.0,202,13472.5,18227.5
bmw,0-20k,0-3 years,34149.15789473684,33850.0,38,28772.5,38927.5
bmw,0-20k,13-20 years,4760.875,3450.0,16,2932.5,3967.4999999999995
bmw,0-20k,4-7 years,28252.3125,24495.0,16,20820.75,28169.249999999996
bmw,0-20k,8-12 years,13416.333333333334,13000.0,15,11050.0,14949.999999999998
bmw,100k+,13-20 years,4897.844671884407,3999.0,1661,3399.15,4598.849999999999
bmw,100k+,20+ years,2287.479310344828,1500.0,580,1275.0,1724.9999999999998
bmw,100k+,4-7 years,18732.573913043478,16900.0,115,14365.0,19435.0
bmw,100k+,8-12 years,12132.696511627906,10999.5,860,9349.574999999999,12649.425
bmw,20k-50k,4-7 years,26185.20408163265,25990.0,98,22091.5,29888.499999999996
bmw,20k-50k,8-12 years,20512.136363636364,18800.0,22,15980.0,21620.0
bmw,50k-100k,13-20 years,9246.99,8750.0,100,7437.5,10062.5
bmw,50k-100k,20+ years,5742.823529411765,3450.0,17,2932.5,3967.4999999999995
bmw,50k-100k,4-7 years,22587.745454545453,20999.0,165,17849.149999999998,24148.85
bmw,50k-100k,8-12 years,15453.189781021898,14275.0,274,12133.75,16416.25
chevrolet,100k+,13-20 years,4517.8,2699.0,25,2294.15,3103.85
chevrolet,100k+,20+ years,5212.2307692307695,5500.0,13,4675.0,6324.999999999999
chevrolet,100k+,8-12 years,3752.340909090909,2375.0,44,2018.75,2731.25
chevrolet,20k-50k,4-7 years,16318.842105263158,10800.0,19,9180.0,12419.999999999998
chevrolet,50k-100k,4-7 years,9656.952380952382,7650.0,21,6502.5,8797.5
chevrolet,50k-100k,8-12 years,5790.69696969697,3499.0,33,2974.15,4023.85
chrysler,100k+,13-20 years,2310.3376623376626,2100.0,77,1785.0,2415.0
chrysler,100k+,20+ years,1887.5,925.0,16,786.25,1063.75
chrysler,100k+,8-12 years,9440.818181818182,9200.0,11,7820.0,10580.0
citroen,100k+,13-20 years,1619.1702127659576,1450.0,188,1232.5,1667.4999999999998
citroen,100k+,20+ years,1303.2142857142858,849.5,14,722.0749999999999,976.925
citroen,100k+,8-12 years,4695.5142857142855,4000.0,105,3400.0,4600.0
citroen,20k-50k,4-7 years,9785.384615384615,9300.0,13,7905.0,10695.0
citroen,20k-50k,8-12 years,5841.263157894737,4700.0,19,3995.0,5405.0
citroen,50k-100k,13-20 years,3946.222222222222,2850.0,27,2422.5,3277.4999999999995
citroen,50k-100k,4-7 years,10486.0,9675.0,22,8223.75,11126.25
citroen,50k-100k,8-12 years,5596.25,4200.0,64,3570.0,4830.0
dacia,100k+,8-12 years,2659.8709677419356,2500.0,31,2125.0,2875.0
dacia,20k-50k,4-7 years,9138.625,9125.0,16,7756.25,10493.75
dacia,20k-50k,8-12 years,4699.909090909091,4500.0,11,3825.0,5175.0
dacia,50k-100k,4-7 years,8161.142857142857,7438.5,14,6322.724999999999,8554.275
dacia,50k-100k,8-12 years,4696.461538461538,4490.0,13,3816.5,5163.5
daewoo,100k+,13-20 years,1044.735294117647,895.0,34,760.75,1029.25
daewoo,50k-100k,13-20 years,1219.1666666666667,1400.0,12,1190.0,1609.9999999999998
daihatsu,100k+,13-20 years,914.3333333333334,790.0,33,671.5,908.4999999999999
daihatsu,100k+,8-12 years,2884.5833333333335,2499.5,12,2124.575,2874.4249999999997
fiat,0-20k,4-7 years,9344.75,8850.0,16,7522.5,10177.5
fiat,100k+,13-20 years,1285.0223642172523,1050.0,313,892.5,1207.5
fiat,100k+,20+ years,815.9545454545455,550.0,66,467.5,632.5
fiat,100k+,8-12 years,3725.462121212121,3500.0,132,2975.0,4024.9999999999995
fiat,20k-50k,4-7 years,8599.475,8497.0,40,7222.45,9771.55
fiat,20k-50k,8-12 years,5045.333333333333,4200.0,21,3570.0,4830.0
fiat,50k-100k,13-20 years,1630.42,1499.5,50,1274.575,1724.425
fiat,50k-100k,20+ years,1253.2307692307693,800.0,13,680.0,919.9999999999999
fiat,50k-100k,4-7 years,7735.538461538462,7199.5,26,6119.575,8279.425
fiat,50k-100k,8-12 years,5140.631578947368,4990.0,95,4241.5,5738.5
ford,0-20k,0-3 years,21316.48148148148,19200.0,27,16320.0,22080.0
ford,0-20k,13-20 years,1311.4285714285713,775.0,14,658.75,891.2499999999999
ford,0-20k,4-7 years,16077.904761904761,14200.0,21,12070.0,16329.999999999998
ford,100k+,13-20 years,1749.3546034639928,1400.0,1097,1190.0,1609.9999999999998
ford,100k+,20+ years,860.8618421052631,649.5,152,552.0749999999999,746.925
ford,100k+,4-7 years,11114.617647058823,10808.0,34,9186.8,12429.199999999999
ford,100k+,8-12 years,5718.953038674033,5000.0,362,4250.0,5750.0
ford,20k-50k,13-20 years,2929.294117647059,1399.0,17,1189.1499999999999,1608.85
ford,20k-50k,4-7 years,13414.27027027027,12550.0,74,10667.5,14432.499999999998
ford,20k-50k,8-12 years,6988.6,6499.0,35,5524.15,7473.849999999999
ford,50k-100k,13-20 years,2405.4473684210525,1799.5,152,1529.575,2069.4249999999997
ford,50k-100k,20+ years,1278.4634146341464,699.0,41,594.15,803.8499999999999
ford,50k-100k,4-7 years,12235.732394366198,11999.0,71,10199.15,13798.849999999999
ford,50k-100k,8-12 years,6830.5207100591715,5999.0,169,5099.15,6898.849999999999
honda,100k+,13-20 years,2914.85,2350.0,80,1997.5,2702.5
honda,100k+,20+ years,1981.7368421052631,1049.5,76,892.0749999999999,1206.925
honda,100k+,8-12 years,7766.148148148148,7400.0,27,6290.0,8510.0
honda,20k-50k,8-12 years,9492.857142857143,7125.0,14,6056.25,8193.75
honda,50k-100k,13-20 years,4261.928571428572,3150.0,14,2677.5,3622.4999999999995
honda,50k-100k,8-12 years,8096.967741935484,7000.0,31,5950.0,8049.999999999999
hyundai,0-20k,4-7 years,10915.75,9149.5,12,7777.075,10521.925
hyundai,100k+,13-20 years,1975.31,1695.0,100,1440.75,1949.2499999999998
hyundai,100k+,4-7 years,8855.642857142857,7795.0,14,6625.75,8964.25
hyundai,100k+,8-12 years,5232.157142857143,4850.0,70,4122.5,5577.5
hyundai,20k-50k,4-7 years,10213.47619047619,8975.0,42,7628.75,10321.25
hyundai,20k-50k,8-12 years,5434.461538461538,4700.0,13,3995.0,5405.0
hyundai,50k-100k,13-20 years,2391.0588235294117,1450.0,17,1232.5,1667.4999999999998
hyundai,50k-100k,4-7 years,10884.702702702703,10500.0,37,8925.0,12074.999999999998
hyundai,50k-100k,8-12 years,5521.865384615385,5049.5,52,4292.075,5806.924999999999
jaguar,100k+,13-20 years,5045.047619047619,3800.0,21,3230.0,4370.0
jaguar,100k+,8-12 years,12221.545454545454,12900.0,11,10965.0,14834.999999999998
jeep,100k+,13-20 years,5757.333333333333,5634.0,27,4788.9,6479.099999999999
jeep,100k+,20+ years,4599.8125,3649.5,16,3102.075,4196.924999999999
jeep,100k+,8-12 years,11135.380952380952,11200.0,21,9520.0,12879.999999999998
jeep,50k-100k,4-7 years,26412.2,24900.0,10,21165.0,28634.999999999996
kia,0-20k,4-7 years,17152.1,17499.0,10,14874.15,20123.85
kia,100k+,13-20 years,2571.340909090909,1800.0,88,1530.0,2070.0
kia,100k+,8-12 years,5921.683333333333,5100.0,60,4335.0,5865.0
kia,20k-50k,4-7 years,14086.625,13550.0,24,11517.5,15582.499999999998
kia,50k-100k,13-20 years,2884.076923076923,2500.0,13,2125.0,2875.0
kia,50k-100k,4-7 years,12345.809523809523,9700.0,21,8245.0,11155.0
kia,50k-100k,8-12 years,5661.933333333333,3750.0,30,3187.5,4312.5
lancia,100k+,13-20 years,971.05,899.5,20,764.5749999999999,1034.425
land_rover,100k+,13-20 years,9241.6,3999.0,35,3399.15,4598.849999999999
land_rover,100k+,8-12 years,15466.92857142857,15249.5,14,12962.074999999999,17536.925
land_rover,20k-50k,4-7 years,48603.09090909091,43900.0,11,37315.0,50484.99999999999
mazda,100k+,13-20 years,2303.093117408907,1999.0,247,1699.1499999999999,2298.85
mazda,100k+,20+ years,1001.475,775.0,40,658.75,891.2499999999999
mazda,100k+,8-12 years,5949.8536585365855,5499.0,82,4674.15,6323.849999999999
mazda,20k-50k,4-7 years,15946.764705882353,14500.0,17,12325.0,16675.0
mazda,50k-100k,13-20 years,3840.125,4000.0,32,3400.0,4600.0
mazda,50k-100k,4-7 years,13280.0,13490.0,13,11466.5,15513.499999999998
mazda,50k-100k,8-12 years,8037.386363636364,8449.0,44,7181.65,9716.349999999999
mercedes_benz,0-20k,0-3 years,42899.944444444445,38700.0,18,32895.0,44505.0
mercedes_benz,0-20k,13-20 years,6531.727272727273,3000.0,11,2550.0,3449.9999999999995
mercedes_benz,0-20k,4-7 years,28861.2,26600.0,30,22610.0,30589.999999999996
mercedes_benz,100k+,13-20 years,4543.878283151826,3600.0,1561,3060.0,4140.0
mercedes_benz,100k+,20+ years,3068.733944954128,1850.0,436,1572.5,2127.5
mercedes_benz,100k+,4-7 years,20063.573170731706,17949.5,82,15257.074999999999,20641.925
mercedes_benz,100k+,8-12 years,12787.084858569051,11950.0,601,10157.5,13742.499999999998
mercedes_benz,20k-50k,13-20 years,10094.0,8999.0,21,7649.15,10348.849999999999
mercedes_benz,20k-50k,4-7 years,26674.486725663715,24600.0,113,20910.0,28289.999999999996
mercedes_benz,20k-50k,8-12 years,19048.725,16695.0,40,14190.75,19199.25
mercedes_benz,50k-100k,13-20 years,9764.195945945947,7350.0,148,6247.5,8452.5
mercedes_benz,50k-100k,20+ years,7489.083333333333,4800.0,24,4080.0,5520.0
mercedes_benz,50k-100k,4-7 years,26427.420289855072,24349.5,138,20697.075,28001.925
mercedes_benz,50k-100k,8-12 years,16896.86111111111,15324.5,180,13025.824999999999,17623.175
mini,0-20k,0-3 years,21791.384615384617,21750.0,13,18487.5,25012.499999999996
mini,0-20k,4-7 years,20397.071428571428,19950.0,14,16957.5,22942.5
mini,100k+,13-20 years,4942.357142857143,4800.0,70,4080.0,5520.0
mini,100k+,8-12 years,7902.119047619048,7824.5,42,6650.825,8998.175
mini,20k-50k,4-7 years,17332.238095238095,17883.5,42,15200.975,20566.024999999998
mini,20k-50k,8-12 years,11742.51724137931,12560.0,29,10676.0,14443.999999999998
mini,50k-100k,13-20 years,7468.0,7470.0,19,6349.5,8590.5
mini,50k-100k,4-7 years,16058.757575757576,16500.0,33,14025.0,18975.0
mini,50k-100k,8-12 years,10023.063157894738,9800.0,95,8330.0,11270.0
mitsubishi,100k+,13-20 years,1781.7971014492753,1225.0,138,1041.25,1408.75
mitsubishi,100k+,20+ years,1334.4594594594594,900.0,37,765.0,1035.0
mitsubishi,100k+,8-12 years,6282.636363636364,4500.0,33,3825.0,5175.0
mitsubishi,50k-100k,13-20 years,3640.4666666666667,3700.0,15,3145.0,4255.0
mitsubishi,50k-100k,8-12 years,8578.541666666666,5839.5,24,4963.575,6715.424999999999
nissan,100k+,13-20 years,2344.542857142857,1499.5,210,1274.575,1724.425
nissan,100k+,20+ years,1646.2686567164178,700.0,67,595.0,804.9999999999999
nissan,100k+,8-12 years,6306.647887323944,5000.0,71,4250.0,5750.0
nissan,20k-50k,4-7 years,13170.666666666666,13500.0,27,11475.0,15524.999999999998
nissan,20k-50k,8-12 years,10752.153846153846,5200.0,13,4420.0,5979.999999999999
nissan,50k-100k,13-20 years,3844.714285714286,2600.0,42,2210.0,2989.9999999999995
nissan,50k-100k,4-7 years,13081.833333333334,13475.0,36,11453.75,15496.249999999998
nissan,50k-100k,8-12 years,7789.304347826087,5845.0,46,4968.25,6721.749999999999
opel,0-20k,0-3 years,17083.766666666666,16772.5,30,14256.625,19288.375
opel,0-20k,13-20 years,1900.2857142857142,1400.0,28,1190.0,1609.9999999999998
opel,0-20k,20+ years,925.0,525.0,12,446.25,603.75
opel,0-20k,4-7 years,13932.64,11500.0,25,9775.0,13224.999999999998
opel,100k+,13-20 years,1822.2722862340813,1500.0,1649,1275.0,1724.9999999999998
opel,100k+,20+ years,794.6836734693877,699.0,490,594.15,803.8499999999999
opel,100k+,4-7 years,9415.173076923076,8925.0,52,7586.25,10263.75
opel,100k+,8-12 years,4998.677734375,4599.5,512,3909.575,5289.424999999999
opel,20k-50k,13-20 years,4909.466666666666,3700.0,15,3145.0,4255.0
opel,20k-50k,20+ years,3127.090909090909,1599.0,11,1359.1499999999999,1838.85
opel,20k-50k,4-7 years,11258.698924731183,10600.0,93,9010.0,12189.999999999998
opel,20k-50k,8-12 years,7652.971428571429,6800.0,35,5780.0,7819.999999999999
opel,50k-100k,13-20 years,2487.949720670391,2399.0,179,2039.1499999999999,2758.85
opel,50k-100k,20+ years,1214.5744680851064,1100.0,47,935.0,1265.0
opel,50k-100k,4-7 years,11579.555555555555,10420.0,90,8857.0,11982.999999999998
opel,50k-100k,8-12 years,6962.544186046512,6000.0,215,5100.0,6899.999999999999
peugeot,100k+,13-20 years,1822.3262548262549,1600.0,518,1360.0,1839.9999999999998
peugeot,100k+,20+ years,772.9411764705883,599.5,68,509.575,689.425
peugeot,100k+,4-7 years,8460.0,8225.0,14,6991.25,9458.75
peugeot,100k+,8-12 years,4425.648648648648,3999.5,148,3399.575,4599.424999999999
peugeot,20k-50k,4-7 years,12183.724137931034,11900.0,29,10115.0,13684.999999999998
peugeot,20k-50k,8-12 years,7366.533333333334,6800.0,15,5780.0,7819.999999999999
peugeot,50k-100k,13-20 years,3364.546875,3525.0,64,2996.25,4053.7499999999995
peugeot,50k-100k,4-7 years,9787.0,9800.0,21,8330.0,11270.0
peugeot,50k-100k,8-12 years,6037.960317460317,5474.5,126,4653.325,6295.674999999999
porsche,100k+,13-20 years,20606.24,15443.0,50,13126.55,17759.449999999997
porsche,100k+,20+ years,35092.380952380954,28000.0,21,23800.0,32199.999999999996
porsche,100k+,8-12 years,29923.521739130436,26500.0,23,22525.0,30474.999999999996
porsche,20k-50k,4-7 years,65166.333333333336,73200.0,12,62220.0,84180.0
porsche,50k-100k,13-20 years,29793.714285714286,23999.0,21,20399.149999999998,27598.85
porsche,50k-100k,8-12 years,41558.65,37000.0,40,31450.0,42550.0
renault,0-20k,13-20 years,1169.9,1099.5,10,934.5749999999999,1264.425
renault,0-20k,4-7 years,10644.91304347826,8999.0,23,7649.15,10348.849999999999
renault,100k+,13-20 years,1485.4516129032259,1250.0,837,1062.5,1437.5
renault,100k+,20+ years,740.1532846715329,599.0,137,509.15,688.8499999999999
renault,100k+,4-7 years,7755.105263157895,6999.0,19,5949.15,8048.849999999999
renault,100k+,8-12 years,4226.2874251497005,3750.0,167,3187.5,4312.5
renault,20k-50k,4-7 years,9755.255319148937,9700.0,47,8245.0,11155.0
renault,20k-50k,8-12 years,5291.64705882353,4500.0,17,3825.0,5175.0
renault,50k-100k,13-20 years,1964.3211009174313,1800.0,109,1530.0,2070.0
renault,50k-100k,20+ years,864.875,894.5,16,760.3249999999999,1028.675
renault,50k-100k,4-7 years,9789.510638297872,8990.0,47,7641.5,10338.5
renault,50k-100k,8-12 years,5536.164948453608,4690.0,97,3986.5,5393.5
rover,100k+,13-20 years,1211.44,999.0,25,849.15,1148.85
saab,100k+,13-20 years,2234.0833333333335,1875.0,36,1593.75,2156.25
saab,100k+,20+ years,2343.6875,1800.0,16,1530.0,2070.0
seat,100k+,13-20 years,2071.792857142857,1600.0,280,1360.0,1839.9999999999998
seat,100k+,20+ years,803.2926829268292,750.0,41,637.5,862.4999999999999
seat,100k+,8-12 years,5373.770642201835,5200.0,109,4420.0,5979.999999999999
seat,20k-50k,4-7 years,13938.372093023256,11500.0,43,9775.0,13224.999999999998
seat,20k-50k,8-12 years,8627.8,7549.5,10,6417.075,8681.925
seat,50k-100k,13-20 years,2917.92,2500.0,25,2125.0,2875.0
seat,50k-100k,4-7 years,10741.351851851852,9075.0,54,7713.75,10436.25
seat,50k-100k,8-12 years,7121.913793103448,6845.0,58,5818.25,7871.749999999999
skoda,0-20k,0-3 years,17507.923076923078,15000.0,13,12750.0,17250.0
skoda,0-20k,4-7 years,12601.681818181818,9544.5,22,8112.825,10976.175
skoda,100k+,13-20 years,2706.696132596685,2499.0,181,2124.15,2873.85
skoda,100k+,4-7 years,10277.75,9999.5,20,8499.574999999999,11499.425
skoda,100k+,8-12 years,6386.451612903225,5800.0,155,4930.0,6669.999999999999
skoda,20k-50k,4-7 years,13563.666666666666,12400.0,54,10540.0,14259.999999999998
skoda,20k-50k,8-12 years,6642.866666666667,5900.0,15,5015.0,6784.999999999999
skoda,50k-100k,13-20 years,3137.703703703704,2999.0,27,2549.15,3448.85
skoda,50k-100k,4-7 years,12187.767441860466,11199.0,43,9519.15,12878.849999999999
skoda,50k-100k,8-12 years,7918.930232558139,6999.5,86,5949.575,8049.424999999999
smart,0-20k,4-7 years,8679.692307692309,7999.0,13,6799.15,9198.849999999999
smart,100k+,13-20 years,2207.384105960265,2000.0,151,1700.0,2300.0
smart,100k+,8-12 years,3452.1176470588234,3495.0,34,2970.75,4019.2499999999995
smart,20k-50k,4-7 years,7445.0,6925.0,40,5886.25,7963.749999999999
smart,20k-50k,8-12 years,5609.148148148148,5300.0,27,4505.0,6094.999999999999
smart,50k-100k,13-20 years,2847.2638888888887,2474.5,72,2103.325,2845.6749999999997
smart,50k-100k,4-7 years,6402.0,6070.0,18,5159.5,6980.499999999999
smart,50k-100k,8-12 years,4719.930555555556,4500.0,72,3825.0,5175.0
subaru,100k+,13-20 years,2894.4074074074074,2100.0,27,1785.0,2415.0
subaru,100k+,20+ years,1563.8235294117646,1000.0,17,850.0,1150.0
suzuki,100k+,13-20 years,2203.21875,1650.0,64,1402.5,1897.4999999999998
suzuki,100k+,20+ years,1007.0714285714286,845.0,14,718.25,971.7499999999999
suzuki,100k+,8-12 years,4873.275,4500.0,40,3825.0,5175.0
suzuki,20k-50k,4-7 years,11949.07142857143,10940.0,14,9299.0,12580.999999999998
suzuki,20k-50k,8-12 years,6481.0,6695.0,10,5690.75,7699.249999999999
suzuki,50k-100k,13-20 years,3184.2758620689656,2900.0,29,2465.0,3334.9999999999995
suzuki,50k-100k,8-12 years,6428.518518518518,5500.0,27,4675.0,6324.999999999999
toyota,0-20k,4-7 years,14278.0,15845.0,10,13468.25,18221.75
toyota,100k+,13-20 years,3033.8896551724138,2500.0,145,2125.0,2875.0
toyota,100k+,20+ years,1915.3260869565217,1420.0,46,1207.0,1632.9999999999998
toyota,100k+,8-12 years,5604.726415094339,4970.0,106,4224.5,5715.5
toyota,20k-50k,4-7 years,15027.227272727272,14260.5,22,12121.425,16399.574999999997
toyota,20k-50k,8-12 years,7684.181818181818,6200.0,11,5270.0,7129.999999999999
toyota,50k-100k,13-20 years,3988.074074074074,3000.0,27,2550.0,3449.9999999999995
toyota,50k-100k,4-7 years,10279.142857142857,9744.5,14,8282.824999999999,11206.175
toyota,50k-100k,8-12 years,6589.2531645569625,5990.0,79,5091.5,6888.499999999999
volkswagen,0-20k,0-3 years,23366.55294117647,22800.0,85,19380.0,26219.999999999996
volkswagen,0-20k,13-20 years,2388.0689655172414,1450.0,29,1232.5,1667.4999999999998
volkswagen,0-20k,20+ years,3407.1428571428573,1350.0,14,1147.5,1552.4999999999998
volkswagen,0-20k,4-7 years,18212.333333333332,17494.5,66,14870.324999999999,20118.675
volkswagen,0-20k,8-12 years,7819.8,6750.0,10,5737.5,7762.499999999999
volkswagen,100k+,13-20 years,3074.0574162679427,2399.0,2717,2039.1499999999999,2758.85
volkswagen,100k+,20+ years,1542.6663770634232,900.0,1151,765.0,1035.0
volkswagen,100k+,4-7 years,12829.90909090909,11980.0,187,10183.0,13776.999999999998
volkswagen,100k+,8-12 years,8189.154530744337,7399.5,1236,6289.575,8509.425
volkswagen,20k-50k,13-20 years,4595.444444444444,3850.0,27,3272.5,4427.5
volkswagen,20k-50k,20+ years,4571.444444444444,2500.0,18,2125.0,2875.0
volkswagen,20k-50k,4-7 years,17688.330158730158,16150.0,315,13727.5,18572.5
volkswagen,20k-50k,8-12 years,9651.951612903225,9050.0,62,7692.5,10407.5
volkswagen,50k-100k,13-20 years,4097.308988764045,3490.0,178,2966.5,4013.4999999999995
volkswagen,50k-100k,20+ years,2452.3387096774195,1300.0,62,1105.0,1494.9999999999998
volkswagen,50k-100k,4-7 years,16302.730113636364,14990.0,352,12741.5,17238.5
volkswagen,50k-100k,8-12 years,9963.735655737704,9000.0,488,7650.0,10350.0
volvo,100k+,13-20 years,3044.3105590062114,2250.0,161,1912.5,2587.5
volvo,100k+,20+ years,1882.1714285714286,1130.5,70,960.925,1300.0749999999998
volvo,100k+,8-12 years,9879.689655172413,8925.0,58,7586.25,10263.75
volvo,50k-100k,4-7 years,17641.285714285714,16220.0,14,13787.0,18653.0
volvo,50k-100k,8-12 years,12489.875,10000.0,16,8500.0,11500.0
